fecha,inpc,inf,inpc_suby,inf_suby,tasa_desem,tiie_28,cetes_28
1969-01-01,0.01,,,,,,
1969-02-01,0.01,,,,,,
1969-03-01,0.01,,,,,,
1969-04-01,0.01,,,,,,
1969-05-01,0.01,,,,,,
1969-06-01,0.01,,,,,,
1969-07-01,0.01,,,,,,
1969-08-01,0.01,,,,,,
1969-09-01,0.01,,,,,,
1969-10-01,0.01,,,,,,
1969-11-01,0.01,,,,,,
1969-12-01,0.01,,,,,,
1970-01-01,0.01,5.20,,,,,
1970-02-01,0.01,4.81,,,,,
1970-03-01,0.01,5.01,,,,,
1970-04-01,0.01,4.86,,,,,
1970-05-01,0.01,5.09,,,,,
1970-06-01,0.01,5.35,,,,,
1970-07-01,0.01,5.46,,,,,
1970-08-01,0.01,5.83,,,,,
1970-09-01,0.01,5.11,,,,,
1970-10-01,0.01,4.05,,,,,
1970-11-01,0.01,4.60,,,,,
1970-12-01,0.01,4.69,,,,,
1971-01-01,0.01,4.93,,,,,
1971-02-01,0.01,5.38,,,,,
1971-03-01,0.01,5.47,,,,,
1971-04-01,0.01,5.87,,,,,
1971-05-01,0.01,5.87,,,,,
1971-06-01,0.01,5.71,,,,,
1971-07-01,0.01,5.11,,,,,
1971-08-01,0.01,5.58,,,,,
1971-09-01,0.01,5.67,,,,,
1971-10-01,0.01,5.74,,,,,
1971-11-01,0.01,5.35,,,,,
1971-12-01,0.01,4.96,,,,,
1972-01-01,0.01,4.40,,,,,
1972-02-01,0.01,4.29,,,,,
1972-03-01,0.01,4.46,,,,,
1972-04-01,0.01,4.58,,,,,
1972-05-01,0.01,4.57,,,,,
1972-06-01,0.01,4.87,,,,,
1972-07-01,0.01,5.34,,,,,
1972-08-01,0.01,5.08,,,,,
1972-09-01,0.01,5.22,,,,,
1972-10-01,0.01,5.19,,,,,
1972-11-01,0.01,5.69,,,,,
1972-12-01,0.01,5.56,,,,,
1973-01-01,0.01,6.62,,,,,
1973-02-01,0.01,7.16,,,,,
1973-03-01,0.01,7.52,,,,,
1973-04-01,0.01,8.54,,,,,
1973-05-01,0.01,9.48,,,,,
1973-06-01,0.01,9.56,,,,,
1973-07-01,0.02,11.95,,,,,
1973-08-01,0.02,13.00,,,,,
1973-09-01,0.02,15.16,,,,,
1973-10-01,0.02,16.56,,,,,
1973-11-01,0.02,17.24,,,,,
1973-12-01,0.02,21.37,,,,,
1974-01-01,0.02,23.92,,,,,
1974-02-01,0.02,25.68,,,,,
1974-03-01,0.02,25.54,,,,,
1974-04-01,0.02,25.27,,,,,
1974-05-01,0.02,24.92,,,,,
1974-06-01,0.02,25.12,,,,,
1974-07-01,0.02,23.77,,,,,
1974-08-01,0.02,23.10,,,,,
1974-09-01,0.02,21.60,,,,,
1974-10-01,0.02,22.44,,,,,
1974-11-01,0.02,24.31,,,,,
1974-12-01,0.02,20.59,,,,,
1975-01-01,0.02,17.92,,,,,
1975-02-01,0.02,15.95,,,,,
1975-03-01,0.02,15.79,,,,,
1975-04-01,0.02,15.20,,,,,
1975-05-01,0.02,15.83,,,,,
1975-06-01,0.02,16.65,,,,,
1975-07-01,0.02,15.91,,,,,
1975-08-01,0.02,15.69,,,,,
1975-09-01,0.02,15.22,,,,,
1975-10-01,0.02,13.56,,,,,
1975-11-01,0.02,11.27,,,,,
1975-12-01,0.02,11.31,,,,,
1976-01-01,0.02,12.02,,,,,
1976-02-01,0.02,13.49,,,,,
1976-03-01,0.02,13.89,,,,,
1976-04-01,0.02,13.72,,,,,
1976-05-01,0.02,13.01,,,,,
1976-06-01,0.02,11.57,,,,,
1976-07-01,0.02,11.62,,,,,
1976-08-01,0.02,11.72,,,,,
1976-09-01,0.03,14.69,,,,,
1976-10-01,0.03,20.53,,,,,
1976-11-01,0.03,25.10,,,,,
1976-12-01,0.03,27.20,,,,,
1977-01-01,0.03,28.77,,,,,
1977-02-01,0.03,29.19,,,,,
1977-03-01,0.03,30.17,,,,,
1977-04-01,0.03,31.22,,,,,
1977-05-01,0.03,31.45,,,,,
1977-06-01,0.03,32.53,,,,,
1977-07-01,0.03,32.91,,,,,
1977-08-01,0.03,34.35,,,,,
1977-09-01,0.03,32.22,,,,,
1977-10-01,0.03,26.13,,,,,
1977-11-01,0.03,22.00,,,,,
1977-12-01,0.04,20.66,,,,,
1978-01-01,0.04,19.53,,,,,
1978-02-01,0.04,18.63,,,,,
1978-03-01,0.04,17.81,,,,,
1978-04-01,0.04,17.35,,,,,
1978-05-01,0.04,17.46,,,,,
1978-06-01,0.04,17.64,,,,,
1978-07-01,0.04,18.30,,,,,
1978-08-01,0.04,17.08,,,,,
1978-09-01,0.04,16.35,,,,,
1978-10-01,0.04,16.86,,,,,
1978-11-01,0.04,16.79,,,,,
1978-12-01,0.04,16.17,,,,,
1979-01-01,0.04,17.68,,,,,
1979-02-01,0.04,17.68,,,,,
1979-03-01,0.04,18.05,,,,,
1979-04-01,0.04,17.79,,,,,
1979-05-01,0.04,18.18,,,,,
1979-06-01,0.04,17.87,,,,,
1979-07-01,0.05,17.31,,,,,
1979-08-01,0.05,17.91,,,,,
1979-09-01,0.05,18.01,,,,,
1979-10-01,0.05,18.63,,,,,
1979-11-01,0.05,18.93,,,,,
1979-12-01,0.05,20.02,,,,,
1980-01-01,0.05,21.56,,,,,
1980-02-01,0.05,22.60,,,,,
1980-03-01,0.05,23.45,,,,,
1980-04-01,0.05,24.49,,,,,
1980-05-01,0.06,24.89,,,,,
1980-06-01,0.06,25.97,,,,,
1980-07-01,0.06,27.94,,,,,
1980-08-01,0.06,28.64,,,,,
1980-09-01,0.06,28.49,,,,,
1980-10-01,0.06,28.20,,,,,
1980-11-01,0.06,28.77,,,,,
1980-12-01,0.06,29.85,,,,,
1981-01-01,0.07,27.80,,,,,
1981-02-01,0.07,27.98,,,,,
1981-03-01,0.07,28.08,,,,,
1981-04-01,0.07,28.72,,,,,
1981-05-01,0.07,28.57,,,,,
1981-06-01,0.07,27.83,,,,,
1981-07-01,0.07,26.55,,,,,
1981-08-01,0.08,26.54,,,,,
1981-09-01,0.08,27.47,,,,,
1981-10-01,0.08,28.36,,,,,
1981-11-01,0.08,28.60,,,,,
1981-12-01,0.08,28.68,,,,,
1982-01-01,0.09,30.86,0.09,,,,
1982-02-01,0.09,32.74,0.10,,,,
1982-03-01,0.09,34.71,0.10,,,,
1982-04-01,0.10,38.88,0.11,,,,
1982-05-01,0.10,44.50,0.11,,,,
1982-06-01,0.11,49.37,0.12,,,,
1982-07-01,0.11,54.35,0.13,,,,
1982-08-01,0.13,68.21,0.14,,,,
1982-09-01,0.13,73.95,0.14,,,,
1982-10-01,0.14,79.00,0.15,,,,
1982-11-01,0.15,84.49,0.16,,,,
1982-12-01,0.16,98.84,0.17,,,,
1983-01-01,0.18,110.04,0.20,110.12,,,
1983-02-01,0.19,112.95,0.21,114.04,,,
1983-03-01,0.20,115.39,0.22,115.68,,,
1983-04-01,0.21,117.25,0.23,115.54,,,
1983-05-01,0.22,114.61,0.24,111.71,,,
1983-06-01,0.23,112.50,0.25,108.90,,,
1983-07-01,0.24,112.08,0.26,110.58,,,
1983-08-01,0.25,98.08,0.28,101.30,,,
1983-09-01,0.26,93.83,0.29,97.23,,,
1983-10-01,0.27,90.39,0.30,92.38,,,
1983-11-01,0.28,91.87,0.31,92.26,,,
1983-12-01,0.29,80.78,0.33,86.59,,,
1984-01-01,0.31,73.40,0.34,75.89,,,
1984-02-01,0.33,73.25,0.36,75.28,,,
1984-03-01,0.34,72.31,0.38,73.92,,,
1984-04-01,0.36,69.06,0.39,70.15,,,
1984-05-01,0.37,67.41,0.40,67.85,,,
1984-06-01,0.38,67.14,0.42,68.24,,,
1984-07-01,0.40,64.49,0.43,64.61,,,
1984-08-01,0.41,62.84,0.45,61.61,,,
1984-09-01,0.42,62.68,0.46,62.04,,,
1984-10-01,0.43,62.96,0.48,63.47,,,
1984-11-01,0.45,59.20,0.50,59.66,,,
1984-12-01,0.47,59.16,0.52,59.45,,,
1985-01-01,0.50,60.75,0.55,59.29,5.20,,
1985-02-01,0.52,59.04,0.57,57.29,5.70,,48.26
1985-03-01,0.54,58.43,0.60,57.76,4.80,,55.29
1985-04-01,0.56,56.53,0.61,56.87,4.50,,57.77
1985-05-01,0.57,55.10,0.63,56.78,4.40,,56.08
1985-06-01,0.59,53.43,0.65,54.92,3.90,,61.98
1985-07-01,0.61,53.73,0.67,54.80,4.40,,65.54
1985-08-01,0.64,56.02,0.70,57.38,4.60,,69.31
1985-09-01,0.66,57.55,0.73,58.63,4.80,,65.35
1985-10-01,0.69,58.02,0.77,58.77,4.10,,61.95
1985-11-01,0.72,59.82,0.80,60.90,3.80,,64.12
1985-12-01,0.77,63.75,0.84,61.28,3.40,,71.65
1986-01-01,0.83,65.92,0.91,66.38,4.00,,72.15
1986-02-01,0.87,66.38,0.96,67.51,4.00,,72.49
1986-03-01,0.91,67.62,1.01,68.66,4.20,,77.00
1986-04-01,0.96,71.11,1.06,73.03,3.90,,80.30
1986-05-01,1.01,76.44,1.13,78.04,3.50,,80.50
1986-06-01,1.08,83.17,1.20,85.26,3.90,,84.63
1986-07-01,1.13,85.84,1.27,87.97,5.50,,90.08
1986-08-01,1.22,92.25,1.34,90.09,4.30,,95.17
1986-09-01,1.29,95.96,1.42,93.40,5.00,,100.89
1986-10-01,1.37,99.58,1.52,97.77,5.20,,99.66
1986-11-01,1.46,103.67,1.62,101.62,4.20,,95.61
1986-12-01,1.58,105.75,1.74,107.88,3.80,,99.28
1987-01-01,1.70,104.34,1.89,107.35,4.50,,96.74
1987-02-01,1.83,109.76,2.03,111.92,4.70,,96.71
1987-03-01,1.95,113.69,2.17,115.44,4.00,,95.05
1987-04-01,2.12,120.86,2.33,119.08,4.40,,92.97
1987-05-01,2.28,125.00,2.50,121.98,3.70,,91.50
1987-06-01,2.44,126.73,2.68,122.86,3.80,,91.64
1987-07-01,2.64,133.44,2.92,130.46,4.10,,91.26
1987-08-01,2.86,133.88,3.13,133.99,3.60,,90.22
1987-09-01,3.05,135.18,3.36,136.59,4.10,,89.93
1987-10-01,3.30,141.00,3.66,141.41,3.90,,90.10
1987-11-01,3.56,143.65,4.00,147.12,3.20,,103.94
1987-12-01,4.09,159.17,4.50,158.02,2.60,,122.04
1988-01-01,4.72,176.83,5.09,169.71,3.60,,157.07
1988-02-01,5.11,179.73,5.62,176.85,3.30,,153.52
1988-03-01,5.37,175.83,5.95,174.10,3.50,,96.48
1988-04-01,5.54,161.44,6.13,162.92,3.80,,63.50
1988-05-01,5.65,147.82,6.24,149.92,3.40,,53.12
1988-06-01,5.76,135.81,6.33,135.78,3.70,,40.41
1988-07-01,5.86,121.79,6.39,119.23,4.00,,40.32
1988-08-01,5.91,106.92,6.46,106.29,3.50,,41.34
1988-09-01,5.95,95.24,6.47,92.39,4.00,,41.84
1988-10-01,5.99,81.59,6.51,78.02,3.50,,44.51
1988-11-01,6.07,70.50,6.57,64.26,3.30,,50.00
1988-12-01,6.20,51.66,6.69,48.76,2.90,,52.32
1989-01-01,6.35,34.56,6.90,35.59,3.50,,50.78
1989-02-01,6.44,25.89,7.04,25.31,3.00,,49.15
1989-03-01,6.50,21.05,7.14,19.87,2.90,,47.79
1989-04-01,6.60,19.20,7.22,17.91,3.00,,50.09
1989-05-01,6.69,18.54,7.30,16.88,3.00,,51.83
1989-06-01,6.77,17.58,7.37,16.37,2.80,,56.68
1989-07-01,6.84,16.81,7.43,16.30,3.10,,47.03
1989-08-01,6.91,16.85,7.52,16.50,3.10,,34.76
1989-09-01,6.97,17.30,7.64,18.01,3.30,,34.35
1989-10-01,7.08,18.13,7.77,19.35,2.70,,37.92
1989-11-01,7.18,18.21,7.89,20.18,2.40,,38.99
1989-12-01,7.42,19.70,8.12,21.45,2.30,,40.55
1990-01-01,7.78,22.48,8.44,22.23,2.60,,41.29
1990-02-01,7.95,23.57,8.59,22.02,2.40,,45.20
1990-03-01,8.09,24.40,8.72,22.21,2.40,,46.64
1990-04-01,8.22,24.43,8.89,23.11,2.70,,44.64
1990-05-01,8.36,24.89,9.10,24.66,2.70,,36.92
1990-06-01,8.54,26.11,9.33,26.60,3.00,,32.39
1990-07-01,8.70,27.13,9.51,27.97,3.60,,30.66
1990-08-01,8.85,28.08,9.68,28.78,3.00,,29.72
1990-09-01,8.97,28.68,9.84,28.91,2.80,,30.15
1990-10-01,9.10,28.62,10.00,28.69,3.30,,28.70
1990-11-01,9.34,30.21,10.22,29.46,2.30,,24.82
1990-12-01,9.64,29.93,10.51,29.37,2.10,,25.99
1991-01-01,9.88,27.11,10.79,27.89,2.80,,23.64
1991-02-01,10.06,26.46,11.00,28.02,2.50,,23.15
1991-03-01,10.20,26.04,11.16,27.97,2.90,,22.04
1991-04-01,10.31,25.45,11.28,26.88,2.60,,21.12
1991-05-01,10.41,24.51,11.39,25.19,2.30,,19.77
1991-06-01,10.52,23.10,11.50,23.28,2.10,,17.74
1991-07-01,10.61,21.97,11.60,21.94,2.70,,18.47
1991-08-01,10.68,20.76,11.71,20.87,3.20,,16.71
1991-09-01,10.79,20.25,11.87,20.58,3.10,,17.55
1991-10-01,10.92,19.92,12.03,20.31,3.20,,17.87
1991-11-01,11.19,19.72,12.15,18.89,2.70,,16.62
1991-12-01,11.45,18.79,12.36,17.65,2.20,,16.65
1992-01-01,11.66,17.95,12.59,16.71,2.90,,15.31
1992-02-01,11.80,17.30,12.73,15.75,3.20,,14.56
1992-03-01,11.92,16.82,12.84,15.09,2.70,,11.84
1992-04-01,12.02,16.64,12.96,14.90,2.70,,12.44
1992-05-01,12.10,16.28,13.12,15.20,2.90,,13.60
1992-06-01,12.18,15.85,13.25,15.26,2.70,,15.03
1992-07-01,12.26,15.56,13.36,15.18,3.10,,16.23
1992-08-01,12.34,15.46,13.48,15.13,2.50,,16.49
1992-09-01,12.44,15.32,13.63,14.82,2.80,,17.54
1992-10-01,12.53,14.82,13.72,14.01,2.80,,19.39
1992-11-01,12.64,12.96,13.82,13.74,2.90,,18.15
1992-12-01,12.82,11.94,13.95,12.86,2.20,,16.88
1993-01-01,12.98,11.32,14.13,12.21,3.20,,16.72
1993-02-01,13.08,10.91,14.29,12.23,3.50,,17.73
1993-03-01,13.16,10.44,14.43,12.35,3.60,,17.47
1993-04-01,13.24,10.09,14.53,12.06,3.00,,16.17
1993-05-01,13.31,10.00,14.59,11.20,3.30,,15.04
1993-06-01,13.39,9.87,14.65,10.58,3.20,,15.50
1993-07-01,13.45,9.70,14.71,10.14,3.60,,13.85
1993-08-01,13.52,9.62,14.81,9.89,3.90,,13.68
1993-09-01,13.62,9.48,14.93,9.54,4.00,,13.71
1993-10-01,13.68,9.14,15.02,9.46,3.70,,13.13
1993-11-01,13.74,8.72,15.07,9.08,3.20,,14.38
1993-12-01,13.84,8.01,15.13,8.42,2.90,,11.78
1994-01-01,13.95,7.50,15.23,7.77,3.80,,10.52
1994-02-01,14.02,7.18,15.35,7.48,3.70,,9.45
1994-03-01,14.09,7.10,15.47,7.18,3.60,,9.73
1994-04-01,14.16,7.01,15.56,7.14,3.80,,15.79
1994-05-01,14.23,6.92,15.65,7.28,3.20,,16.36
1994-06-01,14.30,6.85,15.73,7.38,3.30,,16.18
1994-07-01,14.37,6.81,15.79,7.31,3.90,,17.07
1994-08-01,14.43,6.74,15.87,7.16,3.60,,14.46
1994-09-01,14.54,6.71,16.00,7.18,3.80,,13.76
1994-10-01,14.61,6.83,16.08,7.09,3.90,,13.60
1994-11-01,14.69,6.93,16.16,7.25,3.90,,13.74
1994-12-01,14.82,7.05,16.29,7.68,3.20,,18.51
1995-01-01,15.38,10.23,16.89,10.93,4.50,,37.25
1995-02-01,16.03,14.31,17.66,15.04,5.30,,41.69
1995-03-01,16.97,20.43,18.50,19.60,5.70,89.48,69.54
1995-04-01,18.33,29.39,19.90,27.86,6.30,85.22,74.75
1995-05-01,19.09,34.15,20.88,33.41,6.60,60.45,59.17
1995-06-01,19.70,37.72,21.60,37.24,6.60,49.50,47.25
1995-07-01,20.10,39.91,22.05,39.62,7.30,43.00,40.94
1995-08-01,20.43,41.57,22.46,41.51,7.60,37.60,35.14
1995-09-01,20.86,43.48,22.98,43.66,7.30,35.48,33.46
1995-10-01,21.28,45.66,23.38,45.43,6.70,42.61,40.29
1995-11-01,21.81,48.46,23.86,47.63,5.80,57.43,53.16
1995-12-01,22.52,51.97,24.53,50.60,5.50,51.36,48.62
1996-01-01,23.33,51.72,25.33,49.94,6.40,42.66,40.99
1996-02-01,23.87,48.95,25.93,46.79,6.30,40.11,38.58
1996-03-01,24.40,43.75,26.53,43.43,6.00,42.93,41.45
1996-04-01,25.09,36.93,27.26,37.00,5.90,36.61,35.21
1996-05-01,25.55,33.83,27.76,32.92,5.40,30.31,28.45
1996-06-01,25.97,31.82,28.23,30.74,5.60,30.11,27.81
1996-07-01,26.34,31.03,28.66,29.99,5.80,33.49,31.25
1996-08-01,26.69,30.60,29.04,29.34,5.30,29.36,26.51
1996-09-01,27.11,30.00,29.55,28.59,5.50,26.82,24.65
1996-10-01,27.45,28.97,29.89,27.81,5.20,28.68,25.75
1996-11-01,27.87,27.77,30.25,26.77,4.80,32.28,29.57
1996-12-01,28.76,27.70,30.90,25.95,4.10,29.92,27.23
1997-01-01,29.50,26.44,31.67,25.04,4.50,25.96,23.55
1997-02-01,29.99,25.64,32.22,24.26,4.22,22.11,19.80
1997-03-01,30.37,24.46,32.63,22.98,4.19,23.95,21.66
1997-04-01,30.70,22.33,33.04,21.21,4.29,23.98,21.35
1997-05-01,30.98,21.23,33.47,20.57,3.90,20.65,18.42
1997-06-01,31.25,20.35,33.82,19.79,3.40,22.53,20.17
1997-07-01,31.52,19.70,34.10,18.99,4.09,20.50,18.80
1997-08-01,31.80,19.18,34.37,18.35,3.50,20.64,18.93
1997-09-01,32.20,18.76,34.87,17.98,3.41,20.23,18.02
1997-10-01,32.46,18.24,35.19,17.73,3.23,19.70,17.92
1997-11-01,32.82,17.77,35.54,17.49,3.27,22.17,20.16
1997-12-01,33.28,15.72,35.98,16.46,2.82,20.48,18.85
1998-01-01,34.00,15.27,36.67,15.79,3.59,19.74,17.95
1998-02-01,34.60,15.35,37.38,16.02,3.53,20.52,18.74
1998-03-01,35.00,15.27,37.79,15.83,3.39,21.69,19.85
1998-04-01,35.33,15.10,38.22,15.68,3.05,20.55,19.03
1998-05-01,35.61,14.97,38.64,15.44,3.20,19.90,17.91
1998-06-01,36.03,15.31,39.09,15.58,3.36,21.47,19.50
1998-07-01,36.38,15.41,39.39,15.52,3.20,21.88,20.08
1998-08-01,36.73,15.50,39.80,15.78,3.02,25.78,22.64
1998-09-01,37.33,15.92,40.57,16.35,3.28,42.04,40.80
1998-10-01,37.86,16.65,41.13,16.90,3.11,37.65,34.86
1998-11-01,38.53,17.41,41.60,17.08,2.59,34.78,32.12
1998-12-01,39.47,18.61,42.25,17.44,2.60,36.69,33.66
1999-01-01,40.47,19.01,43.27,18.01,2.85,35.80,32.13
1999-02-01,41.01,18.54,44.06,17.89,3.20,32.21,28.76
1999-03-01,41.39,18.26,44.76,18.43,2.71,26.87,23.47
1999-04-01,41.77,18.23,45.29,18.49,2.70,22.54,20.29
1999-05-01,42.03,18.01,45.73,18.37,2.44,22.52,19.89
1999-06-01,42.30,17.39,46.09,17.90,2.58,23.60,21.08
1999-07-01,42.58,17.04,46.39,17.77,2.26,22.11,19.78
1999-08-01,42.82,16.58,46.74,17.45,2.49,23.13,20.54
1999-09-01,43.24,15.83,47.31,16.63,2.24,22.04,19.71
1999-10-01,43.51,14.91,47.65,15.85,2.50,20.63,17.87
1999-11-01,43.90,13.92,47.96,15.27,2.09,19.01,16.96
1999-12-01,44.34,12.32,48.34,14.41,2.00,18.75,16.45
2000-01-01,44.93,11.02,48.97,13.17,2.28,18.55,16.19
2000-02-01,45.33,10.52,49.51,12.36,2.43,18.15,15.81
2000-03-01,45.58,10.11,49.83,11.33,2.15,15.77,13.66
2000-04-01,45.84,9.73,50.09,10.59,2.45,14.74,12.93
2000-05-01,46.01,9.48,50.31,10.01,2.14,15.92,14.18
2000-06-01,46.28,9.41,50.48,9.52,2.11,17.44,15.65
2000-07-01,46.46,9.12,50.65,9.17,2.03,15.13,13.73
2000-08-01,46.72,9.10,50.86,8.80,2.58,16.62,15.23
2000-09-01,47.06,8.85,51.25,8.32,2.51,16.77,15.06
2000-10-01,47.39,8.91,51.52,8.11,1.97,17.38,15.88
2000-11-01,47.79,8.87,51.84,8.11,2.00,18.64,17.56
2000-12-01,48.31,8.96,52.14,7.85,1.90,18.39,17.05
2001-01-01,48.58,8.11,52.52,7.26,2.31,18.62,17.89
2001-02-01,48.54,7.09,52.92,6.89,2.83,18.12,17.34
2001-03-01,48.85,7.17,53.24,6.84,2.33,17.28,15.80
2001-04-01,49.10,7.11,53.49,6.79,2.26,16.36,14.96
2001-05-01,49.21,6.95,53.69,6.71,2.47,14.09,11.95
2001-06-01,49.33,6.57,53.86,6.70,2.28,11.64,9.43
2001-07-01,49.20,5.88,53.94,6.51,2.44,11.10,9.39
2001-08-01,49.49,5.93,54.12,6.42,2.32,9.29,7.51
2001-09-01,49.95,6.14,54.53,6.40,2.49,10.95,9.32
2001-10-01,50.18,5.89,54.67,6.12,2.93,10.34,8.36
2001-11-01,50.37,5.39,54.80,5.70,2.41,8.90,7.43
2001-12-01,50.43,4.40,54.93,5.36,2.46,7.94,6.29
2002-01-01,50.90,4.79,55.20,5.10,3.04,7.97,6.97
2002-02-01,50.87,4.79,55.60,5.05,2.64,8.99,7.91
2002-03-01,51.13,4.66,55.82,4.85,2.77,8.47,7.23
2002-04-01,51.41,4.70,56.02,4.72,2.75,6.85,5.76
2002-05-01,51.51,4.68,56.12,4.54,2.68,7.73,6.61
2002-06-01,51.76,4.94,56.20,4.34,2.32,8.42,7.30
2002-07-01,51.91,5.51,56.27,4.32,2.93,8.34,7.38
2002-08-01,52.11,5.29,56.46,4.32,2.77,7.61,6.68
2002-09-01,52.42,4.95,56.83,4.22,3.09,8.37,7.34
2002-10-01,52.65,4.94,56.96,4.20,2.66,8.67,7.66
2002-11-01,53.08,5.39,57.07,4.15,2.64,8.33,7.30
2002-12-01,53.31,5.70,57.19,4.12,2.12,8.26,6.88
2003-01-01,53.53,5.16,57.45,4.06,2.72,9.14,8.27
2003-02-01,53.67,5.52,57.73,3.84,2.74,9.91,9.04
2003-03-01,54.01,5.64,57.97,3.84,2.82,9.96,9.17
2003-04-01,54.11,5.25,58.16,3.83,2.95,8.58,7.86
2003-05-01,53.93,4.70,58.32,3.91,2.74,5.92,5.25
2003-06-01,53.98,4.27,58.38,3.89,3.27,5.79,5.20
2003-07-01,54.05,4.13,58.46,3.89,3.52,5.30,4.57
2003-08-01,54.22,4.04,58.67,3.91,3.96,4.97,4.45
2003-09-01,54.54,4.04,58.95,3.73,3.87,5.05,4.73
2003-10-01,54.74,3.96,59.08,3.71,3.63,5.60,5.11
2003-11-01,55.19,3.98,59.23,3.78,3.80,5.35,4.99
2003-12-01,55.43,3.98,59.40,3.87,2.96,6.40,6.06
2004-01-01,55.77,4.20,59.63,3.80,3.81,5.36,4.95
2004-02-01,56.11,4.53,59.90,3.76,3.92,5.79,5.57
2004-03-01,56.30,4.23,60.12,3.72,3.86,6.49,6.28
2004-04-01,56.38,4.21,60.32,3.71,3.58,6.17,5.98
2004-05-01,56.24,4.29,60.46,3.67,3.48,6.95,6.59
2004-06-01,56.33,4.37,60.62,3.83,3.78,7.02,6.57
2004-07-01,56.48,4.49,60.73,3.87,3.75,7.11,6.81
2004-08-01,56.83,4.82,60.89,3.79,4.35,7.50,7.21
2004-09-01,57.30,5.06,61.24,3.89,4.01,7.78,7.36
2004-10-01,57.69,5.40,61.42,3.96,3.60,8.05,7.76
2004-11-01,58.19,5.43,61.56,3.94,3.78,8.60,8.20
2004-12-01,58.31,5.19,61.74,3.92,3.04,8.93,8.50
2005-01-01,58.31,4.54,61.97,3.91,3.75,8.97,8.60
2005-02-01,58.50,4.27,62.21,3.85,3.93,9.47,9.15
2005-03-01,58.77,4.39,62.39,3.77,3.95,9.78,9.41
2005-04-01,58.98,4.60,62.50,3.62,4.20,10.01,9.63
2005-05-01,58.83,4.60,62.62,3.58,4.29,10.12,9.75
2005-06-01,58.77,4.33,62.78,3.56,3.54,10.01,9.63
2005-07-01,59.00,4.47,62.91,3.59,3.50,10.01,9.61
2005-08-01,59.07,3.95,62.99,3.45,4.05,9.98,9.60
2005-09-01,59.31,3.51,63.30,3.35,3.58,9.65,9.21
2005-10-01,59.45,3.05,63.45,3.30,3.39,9.41,8.91
2005-11-01,59.88,2.91,63.58,3.27,2.94,9.17,8.71
2005-12-01,60.25,3.33,63.76,3.27,2.77,8.72,8.22
2006-01-01,60.60,3.94,63.90,3.11,3.48,8.41,7.88
2006-02-01,60.70,3.75,64.10,3.05,3.75,7.97,7.61
2006-03-01,60.77,3.41,64.36,3.16,3.31,7.68,7.37
2006-04-01,60.86,3.20,64.58,3.32,3.20,7.51,7.17
2006-05-01,60.59,3.00,64.66,3.26,2.84,7.32,7.02
2006-06-01,60.64,3.18,64.86,3.32,3.26,7.33,7.02
2006-07-01,60.81,3.06,65.03,3.37,4.01,7.31,7.03
2006-08-01,61.12,3.47,65.14,3.41,3.87,7.30,7.03
2006-09-01,61.74,4.09,65.50,3.48,4.00,7.31,7.06
2006-10-01,62.01,4.29,65.65,3.47,3.82,7.31,7.05
2006-11-01,62.33,4.09,65.82,3.53,3.50,7.30,7.04
2006-12-01,62.69,4.05,66.08,3.65,3.32,7.34,7.04
2007-01-01,63.02,3.98,66.39,3.90,4.05,7.41,7.04
2007-02-01,63.19,4.11,66.64,3.96,4.05,7.46,7.04
2007-03-01,63.33,4.21,66.84,3.85,3.73,7.46,7.04
2007-04-01,63.29,3.99,66.97,3.70,3.51,7.47,7.01
2007-05-01,62.98,3.95,67.10,3.76,3.15,7.70,7.24
2007-06-01,63.06,3.98,67.29,3.75,3.28,7.70,7.20
2007-07-01,63.33,4.14,67.49,3.79,3.79,7.70,7.19
2007-08-01,63.58,4.03,67.68,3.89,3.83,7.71,7.20
2007-09-01,64.08,3.79,68.00,3.82,3.76,7.70,7.21
2007-10-01,64.33,3.74,68.22,3.92,3.77,7.73,7.20
2007-11-01,64.78,3.93,68.38,3.89,3.35,7.93,7.44
2007-12-01,65.05,3.76,68.64,3.87,3.11,7.93,7.44
2008-01-01,65.35,3.70,68.94,3.84,4.12,7.93,7.42
2008-02-01,65.54,3.72,69.23,3.89,3.89,7.93,7.43
2008-03-01,66.02,4.25,69.57,4.09,3.61,7.93,7.43
2008-04-01,66.17,4.55,69.85,4.30,3.48,7.94,7.44
2008-05-01,66.10,4.95,70.18,4.59,3.29,7.93,7.44
2008-06-01,66.37,5.26,70.51,4.78,3.37,8.00,7.56
2008-07-01,66.74,5.39,70.79,4.88,4.13,8.28,7.93
2008-08-01,67.13,5.57,71.08,5.03,4.06,8.56,8.18
2008-09-01,67.58,5.47,71.50,5.14,4.14,8.66,8.17
2008-10-01,68.05,5.78,71.70,5.10,4.17,8.68,7.74
2008-11-01,68.82,6.23,72.03,5.34,4.32,8.73,7.43
2008-12-01,69.30,6.53,72.44,5.54,4.02,8.74,8.02
2009-01-01,69.46,6.28,72.76,5.54,5.01,8.41,7.59
2009-02-01,69.61,6.20,73.10,5.58,5.24,7.94,7.12
2009-03-01,70.01,6.04,73.47,5.61,4.66,7.64,7.03
2009-04-01,70.25,6.17,73.78,5.64,5.06,6.68,6.05
2009-05-01,70.05,5.98,73.93,5.35,5.23,5.78,5.29
2009-06-01,70.18,5.74,74.12,5.12,4.98,5.26,4.98
2009-07-01,70.37,5.44,74.34,5.02,5.82,4.92,4.59
2009-08-01,70.54,5.08,74.46,4.75,6.15,4.89,4.49
2009-09-01,70.89,4.89,74.75,4.55,6.42,4.91,4.48
2009-10-01,71.11,4.50,75.00,4.59,5.67,4.91,4.51
2009-11-01,71.48,3.86,75.10,4.27,5.11,4.93,4.51
2009-12-01,71.77,3.57,75.45,4.16,4.73,4.93,4.50
2010-01-01,72.55,4.46,76.02,4.48,5.76,4.91,4.49
2010-02-01,72.97,4.83,76.33,4.43,5.28,4.92,4.49
2010-03-01,73.49,4.97,76.60,4.26,4.74,4.92,4.45
2010-04-01,73.26,4.27,76.68,3.93,5.35,4.94,4.44
2010-05-01,72.79,3.92,76.86,3.96,5.00,4.94,4.52
2010-06-01,72.77,3.69,76.97,3.85,4.92,4.94,4.59
2010-07-01,72.93,3.64,77.13,3.74,5.59,4.92,4.59
2010-08-01,73.13,3.68,77.20,3.69,5.42,4.90,4.52
2010-09-01,73.52,3.70,77.48,3.65,5.66,4.90,4.43
2010-10-01,73.97,4.02,77.63,3.51,5.48,4.87,4.03
2010-11-01,74.56,4.32,77.81,3.61,5.17,4.87,3.97
2010-12-01,74.93,4.40,78.15,3.58,4.94,4.89,4.30
2011-01-01,75.30,3.78,78.51,3.27,5.34,4.86,4.14
2011-02-01,75.58,3.57,78.82,3.26,5.34,4.84,4.04
2011-03-01,75.72,3.04,79.06,3.21,4.64,4.84,4.27
2011-04-01,75.72,3.36,79.12,3.18,5.13,4.85,4.28
2011-05-01,75.16,3.25,79.26,3.12,5.18,4.85,4.31
2011-06-01,75.16,3.28,79.41,3.18,5.40,4.85,4.37
2011-07-01,75.52,3.55,79.59,3.19,5.48,4.82,4.14
2011-08-01,75.64,3.42,79.69,3.22,5.71,4.81,4.05
2011-09-01,75.82,3.14,79.90,3.12,5.43,4.78,4.23
2011-10-01,76.33,3.20,80.11,3.19,4.99,4.79,4.36
2011-11-01,77.16,3.48,80.36,3.28,4.96,4.80,4.35
2011-12-01,77.79,3.82,80.77,3.35,4.51,4.80,4.34
2012-01-01,78.34,4.05,81.13,3.34,4.88,4.79,4.27
2012-02-01,78.50,3.87,81.48,3.37,5.28,4.78,4.32
2012-03-01,78.55,3.73,81.68,3.31,4.52,4.77,4.24
2012-04-01,78.30,3.41,81.80,3.39,4.86,4.74,4.29
2012-05-01,78.05,3.85,82.02,3.48,4.67,4.76,4.39
2012-06-01,78.41,4.34,82.19,3.50,4.75,4.76,4.34
2012-07-01,78.85,4.42,82.45,3.59,4.99,4.78,4.15
2012-08-01,79.09,4.57,82.64,3.70,5.33,4.79,4.13
2012-09-01,79.44,4.77,82.78,3.61,4.91,4.80,4.17
2012-10-01,79.84,4.60,82.97,3.58,5.03,4.82,4.21
2012-11-01,80.38,4.18,83.01,3.30,5.05,4.84,4.29
2012-12-01,80.57,3.57,83.11,2.90,4.40,4.84,4.05
2013-01-01,80.89,3.25,83.47,2.88,5.41,4.84,4.15
2013-02-01,81.29,3.55,83.89,2.96,4.75,4.82,4.19
2013-03-01,81.89,4.25,84.14,3.02,4.48,4.48,3.98
2013-04-01,81.94,4.65,84.21,2.95,4.96,4.33,3.82
2013-05-01,81.67,4.63,84.38,2.88,4.91,4.32,3.72
2013-06-01,81.62,4.09,84.49,2.79,5.00,4.30,3.78
2013-07-01,81.59,3.47,84.51,2.50,5.13,4.32,3.85
2013-08-01,81.82,3.46,84.59,2.37,5.18,4.31,3.84
2013-09-01,82.13,3.39,84.86,2.52,5.31,4.10,3.64
2013-10-01,82.52,3.36,85.03,2.48,5.01,3.98,3.39
2013-11-01,83.29,3.62,85.14,2.56,4.48,3.79,3.39
2013-12-01,83.77,3.97,85.42,2.78,4.27,3.79,3.29
2014-01-01,84.52,4.48,86.15,3.21,5.07,3.78,3.14
2014-02-01,84.73,4.23,86.39,2.98,4.66,3.79,3.16
2014-03-01,84.97,3.76,86.58,2.89,4.80,3.80,3.17
2014-04-01,84.81,3.50,86.83,3.11,4.85,3.81,3.23
2014-05-01,84.54,3.51,86.91,3.00,4.94,3.80,3.28
2014-06-01,84.68,3.75,87.10,3.09,4.82,3.43,3.02
2014-07-01,84.91,4.07,87.26,3.25,5.47,3.30,2.83
2014-08-01,85.22,4.15,87.45,3.37,5.19,3.30,2.77
2014-09-01,85.60,4.22,87.70,3.34,5.09,3.29,2.83
2014-10-01,86.07,4.30,87.85,3.32,4.78,3.29,2.90
2014-11-01,86.76,4.17,87.99,3.34,4.53,3.29,2.85
2014-12-01,87.19,4.08,88.19,3.24,3.76,3.30,2.81
2015-01-01,87.11,3.07,88.16,2.34,4.51,3.30,2.67
2015-02-01,87.28,3.00,88.46,2.40,4.33,3.30,2.81
2015-03-01,87.63,3.14,88.70,2.45,3.86,3.30,3.04
2015-04-01,87.40,3.06,88.83,2.31,4.31,3.30,2.97
2015-05-01,86.97,2.88,88.94,2.33,4.45,3.30,2.98
2015-06-01,87.11,2.87,89.12,2.33,4.41,3.30,2.96
2015-07-01,87.24,2.74,89.28,2.31,4.72,3.30,2.99
2015-08-01,87.42,2.59,89.46,2.30,4.68,3.32,3.04
2015-09-01,87.75,2.52,89.79,2.38,4.50,3.33,3.10
2015-10-01,88.20,2.48,90.01,2.47,4.55,3.31,3.02
2015-11-01,88.69,2.21,90.05,2.34,3.96,3.32,3.02
2015-12-01,89.05,2.13,90.32,2.41,3.96,3.42,3.14
2016-01-01,89.39,2.61,90.49,2.64,4.24,3.56,3.08
2016-02-01,89.78,2.87,90.82,2.66,4.15,3.75,3.36
2016-03-01,89.91,2.60,91.14,2.76,3.74,4.06,3.80
2016-04-01,89.63,2.54,91.35,2.83,3.80,4.06,3.74
2016-05-01,89.23,2.60,91.54,2.93,4.03,4.08,3.81
2016-06-01,89.32,2.54,91.77,2.97,3.93,4.10,3.81
2016-07-01,89.56,2.65,91.93,2.97,4.01,4.56,4.21
2016-08-01,89.81,2.73,92.10,2.96,4.00,4.59,4.24
2016-09-01,90.36,2.97,92.54,3.07,4.14,4.61,4.28
2016-10-01,90.91,3.06,92.80,3.10,3.67,5.11,4.69
2016-11-01,91.62,3.31,93.01,3.29,3.51,5.34,5.15
2016-12-01,92.04,3.36,93.43,3.44,3.37,5.84,5.61
2017-01-01,93.60,4.72,93.97,3.84,3.59,6.13,5.83
2017-02-01,94.14,4.86,94.68,4.26,3.37,6.44,6.06
2017-03-01,94.72,5.35,95.23,4.48,3.19,6.63,6.32
2017-04-01,94.84,5.82,95.65,4.72,3.46,6.87,6.50
2017-05-01,94.73,6.16,95.92,4.78,3.56,6.98,6.56
2017-06-01,94.96,6.31,96.21,4.83,3.27,7.21,6.82
2017-07-01,95.32,6.44,96.47,4.94,3.41,7.37,6.99
2017-08-01,95.79,6.66,96.71,5.00,3.53,7.38,6.94
2017-09-01,96.09,6.35,96.99,4.80,3.60,7.38,6.99
2017-10-01,96.70,6.37,97.23,4.77,3.50,7.38,7.03
2017-11-01,97.70,6.63,97.57,4.90,3.42,7.38,7.02
2017-12-01,98.27,6.77,97.97,4.87,3.13,7.51,7.17
2018-01-01,98.80,5.55,98.25,4.56,3.36,7.64,7.25
2018-02-01,99.17,5.34,98.73,4.27,3.17,7.78,7.40
2018-03-01,99.49,5.04,99.06,4.02,2.94,7.83,7.47
2018-04-01,99.15,4.55,99.20,3.71,3.39,7.84,7.46
2018-05-01,98.99,4.51,99.46,3.69,3.22,7.85,7.51
2018-06-01,99.38,4.65,99.69,3.62,3.37,7.93,7.64
2018-07-01,99.91,4.81,99.97,3.63,3.47,8.10,7.73
2018-08-01,100.49,4.90,100.22,3.63,3.46,8.11,7.73
2018-09-01,100.92,5.02,100.54,3.67,3.58,8.11,7.69
2018-10-01,101.44,4.90,100.86,3.73,3.27,8.12,7.69
2018-11-01,102.30,4.72,101.11,3.63,3.25,8.25,7.83
2018-12-01,103.02,4.83,101.58,3.68,3.36,8.41,8.02
2019-01-01,103.11,4.37,101.78,3.60,3.56,8.59,7.95
2019-02-01,103.08,3.94,102.22,3.54,3.29,8.56,7.93
2019-03-01,103.48,4.00,102.58,3.55,3.22,8.52,8.02
2019-04-01,103.53,4.41,103.04,3.87,3.50,8.50,7.78
2019-05-01,103.23,4.28,103.21,3.77,3.50,8.51,8.07
2019-06-01,103.30,3.95,103.53,3.85,3.57,8.51,8.25
2019-07-01,103.69,3.78,103.79,3.82,3.74,8.48,8.14
2019-08-01,103.67,3.16,104.01,3.78,3.71,8.37,8.01
2019-09-01,103.94,3.00,104.32,3.75,3.78,8.20,7.72
2019-10-01,104.50,3.02,104.57,3.68,3.69,8.00,7.66
2019-11-01,105.35,2.97,104.80,3.65,3.42,7.87,7.47
2019-12-01,105.93,2.83,105.23,3.59,2.91,7.70,7.12
2020-01-01,106.45,3.24,105.58,3.73,3.78,7.53,7.12
2020-02-01,106.89,3.70,105.96,3.66,3.53,7.39,6.96
2020-03-01,106.84,3.25,106.27,3.60,2.91,7.10,6.81
2020-04-01,105.76,2.15,106.65,3.50,4.69,6.54,6.09
2020-05-01,106.16,2.84,106.97,3.64,4.19,6.00,5.47
2020-06-01,106.74,3.33,107.37,3.71,5.49,5.65,5.06
2020-07-01,107.44,3.62,107.79,3.85,5.35,5.23,4.82
2020-08-01,107.87,4.05,108.13,3.97,5.26,4.97,4.49
2020-09-01,108.11,4.01,108.47,3.99,5.13,4.72,4.38
2020-10-01,108.77,4.09,108.73,3.98,4.71,4.53,4.20
2020-11-01,108.86,3.33,108.64,3.66,4.35,4.50,4.23
2020-12-01,109.27,3.15,109.24,3.80,3.79,4.49,4.27
2021-01-01,110.21,3.54,109.63,3.84,4.70,4.47,4.22
2021-02-01,110.91,3.76,110.06,3.87,4.40,4.36,4.12
2021-03-01,111.82,4.67,110.65,4.12,3.87,4.28,4.05
2021-04-01,112.19,6.08,111.06,4.13,4.65,4.28,4.07
2021-05-01,112.42,5.89,111.64,4.37,3.99,4.29,4.06
2021-06-01,113.02,5.88,112.28,4.58,4.02,4.32,4.02
2021-07-01,113.68,5.81,112.82,4.66,4.38,4.52,4.32
2021-08-01,113.90,5.59,113.30,4.78,4.33,4.65,4.46
2021-09-01,114.60,6.00,113.82,4.92,4.18,4.75,4.55
2021-10-01,115.56,6.24,114.38,5.19,3.95,4.98,4.84
2021-11-01,116.88,7.37,114.80,5.67,3.66,5.13,5.05
2021-12-01,117.31,7.36,115.72,5.94,3.51,5.44,5.29
2022-01-01,118.00,7.07,116.43,6.21,3.71,5.72,5.53
2022-02-01,118.98,7.28,117.32,6.59,3.74,6.02,5.87
2022-03-01,120.16,7.45,118.16,6.78,2.97,6.33,6.31
,,,,,,,
